from,to
1,3
1,4
1,5
1,6
1,7
1,8
1,9
1,10
1,11
1,12
1,13
1,14
1,15
1,16
1,17
1,18
1,19
1,20
2,3
2,4
2,5
2,6
2,7
2,8
2,9
2,10
2,11
2,12
2,13
2,14
2,15
2,16
2,17
2,18
2,19
2,20
2,183
1,3
2,3
3,4
3,5
3,6
3,7
3,8
3,9
3,10
3,11
3,12
3,13
3,14
3,15
3,16
3,17
3,18
3,19
3,20
3,22
1,4
2,4
3,4
4,5
4,6
4,7
4,8
4,9
4,10
4,11
4,12
4,13
4,14
4,15
4,16
4,17
4,18
4,19
4,20
1,5
2,5
3,5
4,5
5,6
5,7
5,8
5,9
5,10
5,11
5,12
5,13
5,14
5,15
5,16
5,17
5,18
5,19
5,20
1,6
2,6
3,6
4,6
5,6
6,7
6,8
6,9
6,10
6,11
6,12
6,13
6,14
6,15
6,16
6,17
6,18
6,19
6,20
1,7
2,7
3,7
4,7
5,7
6,7
7,8
7,9
7,10
7,11
7,12
7,13
7,14
7,15
7,16
7,17
7,18
7,19
7,20
1,8
2,8
3,8
4,8
5,8
6,8
7,8
8,9
8,10
8,11
8,12
8,13
8,14
8,15
8,16
8,17
8,18
8,19
8,20
1,9
2,9
3,9
4,9
5,9
6,9
7,9
8,9
9,10
9,11
9,12
9,13
9,14
9,15
9,16
9,17
9,18
9,19
9,20
1,10
2,10
3,10
4,10
5,10
6,10
7,10
8,10
9,10
10,11
10,12
10,13
10,14
10,15
10,16
10,17
10,18
10,19
10,20
1,11
2,11
3,11
4,11
5,11
6,11
7,11
8,11
9,11
10,11
11,12
11,13
11,14
11,15
11,16
11,17
11,18
11,19
11,20
1,12
2,12
3,12
4,12
5,12
6,12
7,12
8,12
9,12
10,12
11,12
12,13
12,14
12,15
12,16
12,17
12,18
12,19
12,20
1,13
2,13
3,13
4,13
5,13
6,13
7,13
8,13
9,13
10,13
11,13
12,13
13,14
13,15
13,16
13,17
13,18
13,19
13,20
1,14
2,14
3,14
4,14
5,14
6,14
7,14
8,14
9,14
10,14
11,14
12,14
13,14
14,15
14,16
14,17
14,18
14,19
14,20
1,15
2,15
3,15
4,15
5,15
6,15
7,15
8,15
9,15
10,15
11,15
12,15
13,15
14,15
15,16
15,17
15,18
15,19
15,20
1,16
2,16
3,16
4,16
5,16
6,16
7,16
8,16
9,16
10,16
11,16
12,16
13,16
14,16
15,16
16,17
16,18
16,19
16,20
1,17
2,17
3,17
4,17
5,17
6,17
7,17
8,17
9,17
10,17
11,17
12,17
13,17
14,17
15,17
16,17
17,18
17,19
17,20
1,18
2,18
3,18
4,18
5,18
6,18
7,18
8,18
9,18
10,18
11,18
12,18
13,18
14,18
15,18
16,18
17,18
18,19
18,20
1,19
2,19
3,19
4,19
5,19
6,19
7,19
8,19
9,19
10,19
11,19
12,19
13,19
14,19
15,19
16,19
17,19
18,19
19,20
1,20
2,20
3,20
4,20
5,20
6,20
7,20
8,20
9,20
10,20
11,20
12,20
13,20
14,20
15,20
16,20
17,20
18,20
19,20
21,23
21,24
21,25
21,26
21,27
21,28
21,29
21,30
21,31
21,32
21,33
21,34
21,35
21,36
21,37
21,38
21,39
21,40
22,23
22,24
22,25
22,26
22,27
22,28
22,29
22,30
22,31
22,32
22,33
22,34
22,35
22,36
22,37
22,38
22,39
22,40
3,22
21,23
22,23
23,24
23,25
23,26
23,27
23,28
23,29
23,30
23,31
23,32
23,33
23,34
23,35
23,36
23,37
23,38
23,39
23,40
23,42
21,24
22,24
23,24
24,25
24,26
24,27
24,28
24,29
24,30
24,31
24,32
24,33
24,34
24,35
24,36
24,37
24,38
24,39
24,40
21,25
22,25
23,25
24,25
25,26
25,27
25,28
25,29
25,30
25,31
25,32
25,33
25,34
25,35
25,36
25,37
25,38
25,39
25,40
21,26
22,26
23,26
24,26
25,26
26,27
26,28
26,29
26,30
26,31
26,32
26,33
26,34
26,35
26,36
26,37
26,38
26,39
26,40
21,27
22,27
23,27
24,27
25,27
26,27
27,28
27,29
27,30
27,31
27,32
27,33
27,34
27,35
27,36
27,37
27,38
27,39
27,40
21,28
22,28
23,28
24,28
25,28
26,28
27,28
28,29
28,30
28,31
28,32
28,33
28,34
28,35
28,36
28,37
28,38
28,39
28,40
21,29
22,29
23,29
24,29
25,29
26,29
27,29
28,29
29,30
29,31
29,32
29,33
29,34
29,35
29,36
29,37
29,38
29,39
29,40
21,30
22,30
23,30
24,30
25,30
26,30
27,30
28,30
29,30
30,31
30,32
30,33
30,34
30,35
30,36
30,37
30,38
30,39
30,40
21,31
22,31
23,31
24,31
25,31
26,31
27,31
28,31
29,31
30,31
31,32
31,33
31,34
31,35
31,36
31,37
31,38
31,39
31,40
21,32
22,32
23,32
24,32
25,32
26,32
27,32
28,32
29,32
30,32
31,32
32,33
32,34
32,35
32,36
32,37
32,38
32,39
32,40
21,33
22,33
23,33
24,33
25,33
26,33
27,33
28,33
29,33
30,33
31,33
32,33
33,34
33,35
33,36
33,37
33,38
33,39
33,40
21,34
22,34
23,34
24,34
25,34
26,34
27,34
28,34
29,34
30,34
31,34
32,34
33,34
34,35
34,36
34,37
34,38
34,39
34,40
21,35
22,35
23,35
24,35
25,35
26,35
27,35
28,35
29,35
30,35
31,35
32,35
33,35
34,35
35,36
35,37
35,38
35,39
35,40
21,36
22,36
23,36
24,36
25,36
26,36
27,36
28,36
29,36
30,36
31,36
32,36
33,36
34,36
35,36
36,37
36,38
36,39
36,40
21,37
22,37
23,37
24,37
25,37
26,37
27,37
28,37
29,37
30,37
31,37
32,37
33,37
34,37
35,37
36,37
37,38
37,39
37,40
21,38
22,38
23,38
24,38
25,38
26,38
27,38
28,38
29,38
30,38
31,38
32,38
33,38
34,38
35,38
36,38
37,38
38,39
38,40
21,39
22,39
23,39
24,39
25,39
26,39
27,39
28,39
29,39
30,39
31,39
32,39
33,39
34,39
35,39
36,39
37,39
38,39
39,40
21,40
22,40
23,40
24,40
25,40
26,40
27,40
28,40
29,40
30,40
31,40
32,40
33,40
34,40
35,40
36,40
37,40
38,40
39,40
41,43
41,44
41,45
41,46
41,47
41,48
41,49
41,50
41,51
41,52
41,53
41,54
41,55
41,56
41,57
41,58
41,59
41,60
42,43
42,44
42,45
42,46
42,47
42,48
42,49
42,50
42,51
42,52
42,53
42,54
42,55
42,56
42,57
42,58
42,59
42,60
23,42
41,43
42,43
43,44
43,45
43,46
43,47
43,48
43,49
43,50
43,51
43,52
43,53
43,54
43,55
43,56
43,57
43,58
43,59
43,60
43,62
41,44
42,44
43,44
44,45
44,46
44,47
44,48
44,49
44,50
44,51
44,52
44,53
44,54
44,55
44,56
44,57
44,58
44,59
44,60
41,45
42,45
43,45
44,45
45,46
45,47
45,48
45,49
45,50
45,51
45,52
45,53
45,54
45,55
45,56
45,57
45,58
45,59
45,60
41,46
42,46
43,46
44,46
45,46
46,47
46,48
46,49
46,50
46,51
46,52
46,53
46,54
46,55
46,56
46,57
46,58
46,59
46,60
41,47
42,47
43,47
44,47
45,47
46,47
47,48
47,49
47,50
47,51
47,52
47,53
47,54
47,55
47,56
47,57
47,58
47,59
47,60
41,48
42,48
43,48
44,48
45,48
46,48
47,48
48,49
48,50
48,51
48,52
48,53
48,54
48,55
48,56
48,57
48,58
48,59
48,60
41,49
42,49
43,49
44,49
45,49
46,49
47,49
48,49
49,50
49,51
49,52
49,53
49,54
49,55
49,56
49,57
49,58
49,59
49,60
41,50
42,50
43,50
44,50
45,50
46,50
47,50
48,50
49,50
50,51
50,52
50,53
50,54
50,55
50,56
50,57
50,58
50,59
50,60
41,51
42,51
43,51
44,51
45,51
46,51
47,51
48,51
49,51
50,51
51,52
51,53
51,54
51,55
51,56
51,57
51,58
51,59
51,60
41,52
42,52
43,52
44,52
45,52
46,52
47,52
48,52
49,52
50,52
51,52
52,53
52,54
52,55
52,56
52,57
52,58
52,59
52,60
41,53
42,53
43,53
44,53
45,53
46,53
47,53
48,53
49,53
50,53
51,53
52,53
53,54
53,55
53,56
53,57
53,58
53,59
53,60
41,54
42,54
43,54
44,54
45,54
46,54
47,54
48,54
49,54
50,54
51,54
52,54
53,54
54,55
54,56
54,57
54,58
54,59
54,60
41,55
42,55
43,55
44,55
45,55
46,55
47,55
48,55
49,55
50,55
51,55
52,55
53,55
54,55
55,56
55,57
55,58
55,59
55,60
41,56
42,56
43,56
44,56
45,56
46,56
47,56
48,56
49,56
50,56
51,56
52,56
53,56
54,56
55,56
56,57
56,58
56,59
56,60
41,57
42,57
43,57
44,57
45,57
46,57
47,57
48,57
49,57
50,57
51,57
52,57
53,57
54,57
55,57
56,57
57,58
57,59
57,60
41,58
42,58
43,58
44,58
45,58
46,58
47,58
48,58
49,58
50,58
51,58
52,58
53,58
54,58
55,58
56,58
57,58
58,59
58,60
41,59
42,59
43,59
44,59
45,59
46,59
47,59
48,59
49,59
50,59
51,59
52,59
53,59
54,59
55,59
56,59
57,59
58,59
59,60
41,60
42,60
43,60
44,60
45,60
46,60
47,60
48,60
49,60
50,60
51,60
52,60
53,60
54,60
55,60
56,60
57,60
58,60
59,60
61,63
61,64
61,65
61,66
61,67
61,68
61,69
61,70
61,71
61,72
61,73
61,74
61,75
61,76
61,77
61,78
61,79
61,80
62,63
62,64
62,65
62,66
62,67
62,68
62,69
62,70
62,71
62,72
62,73
62,74
62,75
62,76
62,77
62,78
62,79
62,80
43,62
61,63
62,63
63,64
63,65
63,66
63,67
63,68
63,69
63,70
63,71
63,72
63,73
63,74
63,75
63,76
63,77
63,78
63,79
63,80
63,82
61,64
62,64
63,64
64,65
64,66
64,67
64,68
64,69
64,70
64,71
64,72
64,73
64,74
64,75
64,76
64,77
64,78
64,79
64,80
61,65
62,65
63,65
64,65
65,66
65,67
65,68
65,69
65,70
65,71
65,72
65,73
65,74
65,75
65,76
65,77
65,78
65,79
65,80
61,66
62,66
63,66
64,66
65,66
66,67
66,68
66,69
66,70
66,71
66,72
66,73
66,74
66,75
66,76
66,77
66,78
66,79
66,80
61,67
62,67
63,67
64,67
65,67
66,67
67,68
67,69
67,70
67,71
67,72
67,73
67,74
67,75
67,76
67,77
67,78
67,79
67,80
61,68
62,68
63,68
64,68
65,68
66,68
67,68
68,69
68,70
68,71
68,72
68,73
68,74
68,75
68,76
68,77
68,78
68,79
68,80
61,69
62,69
63,69
64,69
65,69
66,69
67,69
68,69
69,70
69,71
69,72
69,73
69,74
69,75
69,76
69,77
69,78
69,79
69,80
61,70
62,70
63,70
64,70
65,70
66,70
67,70
68,70
69,70
70,71
70,72
70,73
70,74
70,75
70,76
70,77
70,78
70,79
70,80
61,71
62,71
63,71
64,71
65,71
66,71
67,71
68,71
69,71
70,71
71,72
71,73
71,74
71,75
71,76
71,77
71,78
71,79
71,80
61,72
62,72
63,72
64,72
65,72
66,72
67,72
68,72
69,72
70,72
71,72
72,73
72,74
72,75
72,76
72,77
72,78
72,79
72,80
61,73
62,73
63,73
64,73
65,73
66,73
67,73
68,73
69,73
70,73
71,73
72,73
73,74
73,75
73,76
73,77
73,78
73,79
73,80
61,74
62,74
63,74
64,74
65,74
66,74
67,74
68,74
69,74
70,74
71,74
72,74
73,74
74,75
74,76
74,77
74,78
74,79
74,80
61,75
62,75
63,75
64,75
65,75
66,75
67,75
68,75
69,75
70,75
71,75
72,75
73,75
74,75
75,76
75,77
75,78
75,79
75,80
61,76
62,76
63,76
64,76
65,76
66,76
67,76
68,76
69,76
70,76
71,76
72,76
73,76
74,76
75,76
76,77
76,78
76,79
76,80
61,77
62,77
63,77
64,77
65,77
66,77
67,77
68,77
69,77
70,77
71,77
72,77
73,77
74,77
75,77
76,77
77,78
77,79
77,80
61,78
62,78
63,78
64,78
65,78
66,78
67,78
68,78
69,78
70,78
71,78
72,78
73,78
74,78
75,78
76,78
77,78
78,79
78,80
61,79
62,79
63,79
64,79
65,79
66,79
67,79
68,79
69,79
70,79
71,79
72,79
73,79
74,79
75,79
76,79
77,79
78,79
79,80
61,80
62,80
63,80
64,80
65,80
66,80
67,80
68,80
69,80
70,80
71,80
72,80
73,80
74,80
75,80
76,80
77,80
78,80
79,80
81,83
81,84
81,85
81,86
81,87
81,88
81,89
81,90
81,91
81,92
81,93
81,94
81,95
81,96
81,97
81,98
81,99
81,100
82,83
82,84
82,85
82,86
82,87
82,88
82,89
82,90
82,91
82,92
82,93
82,94
82,95
82,96
82,97
82,98
82,99
82,100
63,82
81,83
82,83
83,84
83,85
83,86
83,87
83,88
83,89
83,90
83,91
83,92
83,93
83,94
83,95
83,96
83,97
83,98
83,99
83,100
83,102
81,84
82,84
83,84
84,85
84,86
84,87
84,88
84,89
84,90
84,91
84,92
84,93
84,94
84,95
84,96
84,97
84,98
84,99
84,100
81,85
82,85
83,85
84,85
85,86
85,87
85,88
85,89
85,90
85,91
85,92
85,93
85,94
85,95
85,96
85,97
85,98
85,99
85,100
81,86
82,86
83,86
84,86
85,86
86,87
86,88
86,89
86,90
86,91
86,92
86,93
86,94
86,95
86,96
86,97
86,98
86,99
86,100
81,87
82,87
83,87
84,87
85,87
86,87
87,88
87,89
87,90
87,91
87,92
87,93
87,94
87,95
87,96
87,97
87,98
87,99
87,100
81,88
82,88
83,88
84,88
85,88
86,88
87,88
88,89
88,90
88,91
88,92
88,93
88,94
88,95
88,96
88,97
88,98
88,99
88,100
81,89
82,89
83,89
84,89
85,89
86,89
87,89
88,89
89,90
89,91
89,92
89,93
89,94
89,95
89,96
89,97
89,98
89,99
89,100
81,90
82,90
83,90
84,90
85,90
86,90
87,90
88,90
89,90
90,91
90,92
90,93
90,94
90,95
90,96
90,97
90,98
90,99
90,100
81,91
82,91
83,91
84,91
85,91
86,91
87,91
88,91
89,91
90,91
91,92
91,93
91,94
91,95
91,96
91,97
91,98
91,99
91,100
81,92
82,92
83,92
84,92
85,92
86,92
87,92
88,92
89,92
90,92
91,92
92,93
92,94
92,95
92,96
92,97
92,98
92,99
92,100
81,93
82,93
83,93
84,93
85,93
86,93
87,93
88,93
89,93
90,93
91,93
92,93
93,94
93,95
93,96
93,97
93,98
93,99
93,100
81,94
82,94
83,94
84,94
85,94
86,94
87,94
88,94
89,94
90,94
91,94
92,94
93,94
94,95
94,96
94,97
94,98
94,99
94,100
81,95
82,95
83,95
84,95
85,95
86,95
87,95
88,95
89,95
90,95
91,95
92,95
93,95
94,95
95,96
95,97
95,98
95,99
95,100
81,96
82,96
83,96
84,96
85,96
86,96
87,96
88,96
89,96
90,96
91,96
92,96
93,96
94,96
95,96
96,97
96,98
96,99
96,100
81,97
82,97
83,97
84,97
85,97
86,97
87,97
88,97
89,97
90,97
91,97
92,97
93,97
94,97
95,97
96,97
97,98
97,99
97,100
81,98
82,98
83,98
84,98
85,98
86,98
87,98
88,98
89,98
90,98
91,98
92,98
93,98
94,98
95,98
96,98
97,98
98,99
98,100
81,99
82,99
83,99
84,99
85,99
86,99
87,99
88,99
89,99
90,99
91,99
92,99
93,99
94,99
95,99
96,99
97,99
98,99
99,100
81,100
82,100
83,100
84,100
85,100
86,100
87,100
88,100
89,100
90,100
91,100
92,100
93,100
94,100
95,100
96,100
97,100
98,100
99,100
101,103
101,104
101,105
101,106
101,107
101,108
101,109
101,110
101,111
101,112
101,113
101,114
101,115
101,116
101,117
101,118
101,119
101,120
102,103
102,104
102,105
102,106
102,107
102,108
102,109
102,110
102,111
102,112
102,113
102,114
102,115
102,116
102,117
102,118
102,119
102,120
83,102
101,103
102,103
103,104
103,105
103,106
103,107
103,108
103,109
103,110
103,111
103,112
103,113
103,114
103,115
103,116
103,117
103,118
103,119
103,120
103,122
101,104
102,104
103,104
104,105
104,106
104,107
104,108
104,109
104,110
104,111
104,112
104,113
104,114
104,115
104,116
104,117
104,118
104,119
104,120
101,105
102,105
103,105
104,105
105,106
105,107
105,108
105,109
105,110
105,111
105,112
105,113
105,114
105,115
105,116
105,117
105,118
105,119
105,120
101,106
102,106
103,106
104,106
105,106
106,107
106,108
106,109
106,110
106,111
106,112
106,113
106,114
106,115
106,116
106,117
106,118
106,119
106,120
101,107
102,107
103,107
104,107
105,107
106,107
107,108
107,109
107,110
107,111
107,112
107,113
107,114
107,115
107,116
107,117
107,118
107,119
107,120
101,108
102,108
103,108
104,108
105,108
106,108
107,108
108,109
108,110
108,111
108,112
108,113
108,114
108,115
108,116
108,117
108,118
108,119
108,120
101,109
102,109
103,109
104,109
105,109
106,109
107,109
108,109
109,110
109,111
109,112
109,113
109,114
109,115
109,116
109,117
109,118
109,119
109,120
101,110
102,110
103,110
104,110
105,110
106,110
107,110
108,110
109,110
110,111
110,112
110,113
110,114
110,115
110,116
110,117
110,118
110,119
110,120
101,111
102,111
103,111
104,111
105,111
106,111
107,111
108,111
109,111
110,111
111,112
111,113
111,114
111,115
111,116
111,117
111,118
111,119
111,120
101,112
102,112
103,112
104,112
105,112
106,112
107,112
108,112
109,112
110,112
111,112
112,113
112,114
112,115
112,116
112,117
112,118
112,119
112,120
101,113
102,113
103,113
104,113
105,113
106,113
107,113
108,113
109,113
110,113
111,113
112,113
113,114
113,115
113,116
113,117
113,118
113,119
113,120
101,114
102,114
103,114
104,114
105,114
106,114
107,114
108,114
109,114
110,114
111,114
112,114
113,114
114,115
114,116
114,117
114,118
114,119
114,120
101,115
102,115
103,115
104,115
105,115
106,115
107,115
108,115
109,115
110,115
111,115
112,115
113,115
114,115
115,116
115,117
115,118
115,119
115,120
101,116
102,116
103,116
104,116
105,116
106,116
107,116
108,116
109,116
110,116
111,116
112,116
113,116
114,116
115,116
116,117
116,118
116,119
116,120
101,117
102,117
103,117
104,117
105,117
106,117
107,117
108,117
109,117
110,117
111,117
112,117
113,117
114,117
115,117
116,117
117,118
117,119
117,120
101,118
102,118
103,118
104,118
105,118
106,118
107,118
108,118
109,118
110,118
111,118
112,118
113,118
114,118
115,118
116,118
117,118
118,119
118,120
101,119
102,119
103,119
104,119
105,119
106,119
107,119
108,119
109,119
110,119
111,119
112,119
113,119
114,119
115,119
116,119
117,119
118,119
119,120
101,120
102,120
103,120
104,120
105,120
106,120
107,120
108,120
109,120
110,120
111,120
112,120
113,120
114,120
115,120
116,120
117,120
118,120
119,120
121,123
121,124
121,125
121,126
121,127
121,128
121,129
121,130
121,131
121,132
121,133
121,134
121,135
121,136
121,137
121,138
121,139
121,140
122,123
122,124
122,125
122,126
122,127
122,128
122,129
122,130
122,131
122,132
122,133
122,134
122,135
122,136
122,137
122,138
122,139
122,140
103,122
121,123
122,123
123,124
123,125
123,126
123,127
123,128
123,129
123,130
123,131
123,132
123,133
123,134
123,135
123,136
123,137
123,138
123,139
123,140
123,142
121,124
122,124
123,124
124,125
124,126
124,127
124,128
124,129
124,130
124,131
124,132
124,133
124,134
124,135
124,136
124,137
124,138
124,139
124,140
121,125
122,125
123,125
124,125
125,126
125,127
125,128
125,129
125,130
125,131
125,132
125,133
125,134
125,135
125,136
125,137
125,138
125,139
125,140
121,126
122,126
123,126
124,126
125,126
126,127
126,128
126,129
126,130
126,131
126,132
126,133
126,134
126,135
126,136
126,137
126,138
126,139
126,140
121,127
122,127
123,127
124,127
125,127
126,127
127,128
127,129
127,130
127,131
127,132
127,133
127,134
127,135
127,136
127,137
127,138
127,139
127,140
121,128
122,128
123,128
124,128
125,128
126,128
127,128
128,129
128,130
128,131
128,132
128,133
128,134
128,135
128,136
128,137
128,138
128,139
128,140
121,129
122,129
123,129
124,129
125,129
126,129
127,129
128,129
129,130
129,131
129,132
129,133
129,134
129,135
129,136
129,137
129,138
129,139
129,140
121,130
122,130
123,130
124,130
125,130
126,130
127,130
128,130
129,130
130,131
130,132
130,133
130,134
130,135
130,136
130,137
130,138
130,139
130,140
121,131
122,131
123,131
124,131
125,131
126,131
127,131
128,131
129,131
130,131
131,132
131,133
131,134
131,135
131,136
131,137
131,138
131,139
131,140
121,132
122,132
123,132
124,132
125,132
126,132
127,132
128,132
129,132
130,132
131,132
132,133
132,134
132,135
132,136
132,137
132,138
132,139
132,140
121,133
122,133
123,133
124,133
125,133
126,133
127,133
128,133
129,133
130,133
131,133
132,133
133,134
133,135
133,136
133,137
133,138
133,139
133,140
121,134
122,134
123,134
124,134
125,134
126,134
127,134
128,134
129,134
130,134
131,134
132,134
133,134
134,135
134,136
134,137
134,138
134,139
134,140
121,135
122,135
123,135
124,135
125,135
126,135
127,135
128,135
129,135
130,135
131,135
132,135
133,135
134,135
135,136
135,137
135,138
135,139
135,140
121,136
122,136
123,136
124,136
125,136
126,136
127,136
128,136
129,136
130,136
131,136
132,136
133,136
134,136
135,136
136,137
136,138
136,139
136,140
121,137
122,137
123,137
124,137
125,137
126,137
127,137
128,137
129,137
130,137
131,137
132,137
133,137
134,137
135,137
136,137
137,138
137,139
137,140
121,138
122,138
123,138
124,138
125,138
126,138
127,138
128,138
129,138
130,138
131,138
132,138
133,138
134,138
135,138
136,138
137,138
138,139
138,140
121,139
122,139
123,139
124,139
125,139
126,139
127,139
128,139
129,139
130,139
131,139
132,139
133,139
134,139
135,139
136,139
137,139
138,139
139,140
121,140
122,140
123,140
124,140
125,140
126,140
127,140
128,140
129,140
130,140
131,140
132,140
133,140
134,140
135,140
136,140
137,140
138,140
139,140
141,143
141,144
141,145
141,146
141,147
141,148
141,149
141,150
141,151
141,152
141,153
141,154
141,155
141,156
141,157
141,158
141,159
141,160
142,143
142,144
142,145
142,146
142,147
142,148
142,149
142,150
142,151
142,152
142,153
142,154
142,155
142,156
142,157
142,158
142,159
142,160
123,142
141,143
142,143
143,144
143,145
143,146
143,147
143,148
143,149
143,150
143,151
143,152
143,153
143,154
143,155
143,156
143,157
143,158
143,159
143,160
143,162
141,144
142,144
143,144
144,145
144,146
144,147
144,148
144,149
144,150
144,151
144,152
144,153
144,154
144,155
144,156
144,157
144,158
144,159
144,160
141,145
142,145
143,145
144,145
145,146
145,147
145,148
145,149
145,150
145,151
145,152
145,153
145,154
145,155
145,156
145,157
145,158
145,159
145,160
141,146
142,146
143,146
144,146
145,146
146,147
146,148
146,149
146,150
146,151
146,152
146,153
146,154
146,155
146,156
146,157
146,158
146,159
146,160
141,147
142,147
143,147
144,147
145,147
146,147
147,148
147,149
147,150
147,151
147,152
147,153
147,154
147,155
147,156
147,157
147,158
147,159
147,160
141,148
142,148
143,148
144,148
145,148
146,148
147,148
148,149
148,150
148,151
148,152
148,153
148,154
148,155
148,156
148,157
148,158
148,159
148,160
141,149
142,149
143,149
144,149
145,149
146,149
147,149
148,149
149,150
149,151
149,152
149,153
149,154
149,155
149,156
149,157
149,158
149,159
149,160
141,150
142,150
143,150
144,150
145,150
146,150
147,150
148,150
149,150
150,151
150,152
150,153
150,154
150,155
150,156
150,157
150,158
150,159
150,160
141,151
142,151
143,151
144,151
145,151
146,151
147,151
148,151
149,151
150,151
151,152
151,153
151,154
151,155
151,156
151,157
151,158
151,159
151,160
141,152
142,152
143,152
144,152
145,152
146,152
147,152
148,152
149,152
150,152
151,152
152,153
152,154
152,155
152,156
152,157
152,158
152,159
152,160
141,153
142,153
143,153
144,153
145,153
146,153
147,153
148,153
149,153
150,153
151,153
152,153
153,154
153,155
153,156
153,157
153,158
153,159
153,160
141,154
142,154
143,154
144,154
145,154
146,154
147,154
148,154
149,154
150,154
151,154
152,154
153,154
154,155
154,156
154,157
154,158
154,159
154,160
141,155
142,155
143,155
144,155
145,155
146,155
147,155
148,155
149,155
150,155
151,155
152,155
153,155
154,155
155,156
155,157
155,158
155,159
155,160
141,156
142,156
143,156
144,156
145,156
146,156
147,156
148,156
149,156
150,156
151,156
152,156
153,156
154,156
155,156
156,157
156,158
156,159
156,160
141,157
142,157
143,157
144,157
145,157
146,157
147,157
148,157
149,157
150,157
151,157
152,157
153,157
154,157
155,157
156,157
157,158
157,159
157,160
141,158
142,158
143,158
144,158
145,158
146,158
147,158
148,158
149,158
150,158
151,158
152,158
153,158
154,158
155,158
156,158
157,158
158,159
158,160
141,159
142,159
143,159
144,159
145,159
146,159
147,159
148,159
149,159
150,159
151,159
152,159
153,159
154,159
155,159
156,159
157,159
158,159
159,160
141,160
142,160
143,160
144,160
145,160
146,160
147,160
148,160
149,160
150,160
151,160
152,160
153,160
154,160
155,160
156,160
157,160
158,160
159,160
161,163
161,164
161,165
161,166
161,167
161,168
161,169
161,170
161,171
161,172
161,173
161,174
161,175
161,176
161,177
161,178
161,179
161,180
162,163
162,164
162,165
162,166
162,167
162,168
162,169
162,170
162,171
162,172
162,173
162,174
162,175
162,176
162,177
162,178
162,179
162,180
143,162
161,163
162,163
163,164
163,165
163,166
163,167
163,168
163,169
163,170
163,171
163,172
163,173
163,174
163,175
163,176
163,177
163,178
163,179
163,180
163,182
161,164
162,164
163,164
164,165
164,166
164,167
164,168
164,169
164,170
164,171
164,172
164,173
164,174
164,175
164,176
164,177
164,178
164,179
164,180
161,165
162,165
163,165
164,165
165,166
165,167
165,168
165,169
165,170
165,171
165,172
165,173
165,174
165,175
165,176
165,177
165,178
165,179
165,180
161,166
162,166
163,166
164,166
165,166
166,167
166,168
166,169
166,170
166,171
166,172
166,173
166,174
166,175
166,176
166,177
166,178
166,179
166,180
161,167
162,167
163,167
164,167
165,167
166,167
167,168
167,169
167,170
167,171
167,172
167,173
167,174
167,175
167,176
167,177
167,178
167,179
167,180
161,168
162,168
163,168
164,168
165,168
166,168
167,168
168,169
168,170
168,171
168,172
168,173
168,174
168,175
168,176
168,177
168,178
168,179
168,180
161,169
162,169
163,169
164,169
165,169
166,169
167,169
168,169
169,170
169,171
169,172
169,173
169,174
169,175
169,176
169,177
169,178
169,179
169,180
161,170
162,170
163,170
164,170
165,170
166,170
167,170
168,170
169,170
170,171
170,172
170,173
170,174
170,175
170,176
170,177
170,178
170,179
170,180
161,171
162,171
163,171
164,171
165,171
166,171
167,171
168,171
169,171
170,171
171,172
171,173
171,174
171,175
171,176
171,177
171,178
171,179
171,180
161,172
162,172
163,172
164,172
165,172
166,172
167,172
168,172
169,172
170,172
171,172
172,173
172,174
172,175
172,176
172,177
172,178
172,179
172,180
161,173
162,173
163,173
164,173
165,173
166,173
167,173
168,173
169,173
170,173
171,173
172,173
173,174
173,175
173,176
173,177
173,178
173,179
173,180
161,174
162,174
163,174
164,174
165,174
166,174
167,174
168,174
169,174
170,174
171,174
172,174
173,174
174,175
174,176
174,177
174,178
174,179
174,180
161,175
162,175
163,175
164,175
165,175
166,175
167,175
168,175
169,175
170,175
171,175
172,175
173,175
174,175
175,176
175,177
175,178
175,179
175,180
161,176
162,176
163,176
164,176
165,176
166,176
167,176
168,176
169,176
170,176
171,176
172,176
173,176
174,176
175,176
176,177
176,178
176,179
176,180
161,177
162,177
163,177
164,177
165,177
166,177
167,177
168,177
169,177
170,177
171,177
172,177
173,177
174,177
175,177
176,177
177,178
177,179
177,180
161,178
162,178
163,178
164,178
165,178
166,178
167,178
168,178
169,178
170,178
171,178
172,178
173,178
174,178
175,178
176,178
177,178
178,179
178,180
161,179
162,179
163,179
164,179
165,179
166,179
167,179
168,179
169,179
170,179
171,179
172,179
173,179
174,179
175,179
176,179
177,179
178,179
179,180
161,180
162,180
163,180
164,180
165,180
166,180
167,180
168,180
169,180
170,180
171,180
172,180
173,180
174,180
175,180
176,180
177,180
178,180
179,180
181,183
181,184
181,185
181,186
181,187
181,188
181,189
181,190
181,191
181,192
181,193
181,194
181,195
181,196
181,197
181,198
181,199
181,200
182,183
182,184
182,185
182,186
182,187
182,188
182,189
182,190
182,191
182,192
182,193
182,194
182,195
182,196
182,197
182,198
182,199
182,200
163,182
181,183
182,183
183,184
183,185
183,186
183,187
183,188
183,189
183,190
183,191
183,192
183,193
183,194
183,195
183,196
183,197
183,198
183,199
183,200
2,183
181,184
182,184
183,184
184,185
184,186
184,187
184,188
184,189
184,190
184,191
184,192
184,193
184,194
184,195
184,196
184,197
184,198
184,199
184,200
181,185
182,185
183,185
184,185
185,186
185,187
185,188
185,189
185,190
185,191
185,192
185,193
185,194
185,195
185,196
185,197
185,198
185,199
185,200
181,186
182,186
183,186
184,186
185,186
186,187
186,188
186,189
186,190
186,191
186,192
186,193
186,194
186,195
186,196
186,197
186,198
186,199
186,200
181,187
182,187
183,187
184,187
185,187
186,187
187,188
187,189
187,190
187,191
187,192
187,193
187,194
187,195
187,196
187,197
187,198
187,199
187,200
181,188
182,188
183,188
184,188
185,188
186,188
187,188
188,189
188,190
188,191
188,192
188,193
188,194
188,195
188,196
188,197
188,198
188,199
188,200
181,189
182,189
183,189
184,189
185,189
186,189
187,189
188,189
189,190
189,191
189,192
189,193
189,194
189,195
189,196
189,197
189,198
189,199
189,200
181,190
182,190
183,190
184,190
185,190
186,190
187,190
188,190
189,190
190,191
190,192
190,193
190,194
190,195
190,196
190,197
190,198
190,199
190,200
181,191
182,191
183,191
184,191
185,191
186,191
187,191
188,191
189,191
190,191
191,192
191,193
191,194
191,195
191,196
191,197
191,198
191,199
191,200
181,192
182,192
183,192
184,192
185,192
186,192
187,192
188,192
189,192
190,192
191,192
192,193
192,194
192,195
192,196
192,197
192,198
192,199
192,200
181,193
182,193
183,193
184,193
185,193
186,193
187,193
188,193
189,193
190,193
191,193
192,193
193,194
193,195
193,196
193,197
193,198
193,199
193,200
181,194
182,194
183,194
184,194
185,194
186,194
187,194
188,194
189,194
190,194
191,194
192,194
193,194
194,195
194,196
194,197
194,198
194,199
194,200
181,195
182,195
183,195
184,195
185,195
186,195
187,195
188,195
189,195
190,195
191,195
192,195
193,195
194,195
195,196
195,197
195,198
195,199
195,200
181,196
182,196
183,196
184,196
185,196
186,196
187,196
188,196
189,196
190,196
191,196
192,196
193,196
194,196
195,196
196,197
196,198
196,199
196,200
181,197
182,197
183,197
184,197
185,197
186,197
187,197
188,197
189,197
190,197
191,197
192,197
193,197
194,197
195,197
196,197
197,198
197,199
197,200
181,198
182,198
183,198
184,198
185,198
186,198
187,198
188,198
189,198
190,198
191,198
192,198
193,198
194,198
195,198
196,198
197,198
198,199
198,200
181,199
182,199
183,199
184,199
185,199
186,199
187,199
188,199
189,199
190,199
191,199
192,199
193,199
194,199
195,199
196,199
197,199
198,199
199,200
181,200
182,200
183,200
184,200
185,200
186,200
187,200
188,200
189,200
190,200
191,200
192,200
193,200
194,200
195,200
196,200
197,200
198,200
199,200
